<?xml version="1.0" encoding="utf-8"?><!--    JBZoo is universal CCK based Joomla! CMS and YooTheme Zoo component    category   JBZoo    author     smet.denis <admin@joomla-book.ru>    copyright  Copyright (c) 2009-2012, Joomla-book.ru    license    http://joomla-book.ru/info/disclaimer    link       http://joomla-book.ru/projects/jbzoo JBZoo project page--><element>    <params group="render">        <param name="jbzoo_filter_render"               type="list"               label="JBZOO_ELEMENT_TEMPLATE"               description="JBZOO_ELEMENT_TEMPLATE_DESC"               default="_auto_"                >            <option value="_auto_">JBZOO_ELEMENT_TEMPLATE_AUTO</option>            <option value="date">JBZOO_ELEMENT_TEMPLATE_DATE</option>            <option value="date-range">JBZOO_ELEMENT_TEMPLATE_DATE_RANGE</option>            <option value="hidden">JBZOO_ELEMENT_TEMPLATE_HIDDEN</option>        </param>        <param name="jbzoo_filter_default"               type="text"               default=""               label="JBZOO_FILTER_DEFAULT"               description="JBZOO_FILTER_DEFAULT_DESC"                />    </params></element>