<?xml version="1.0" encoding="utf-8"?><!--    JBZoo is universal CCK based Joomla! CMS and YooTheme Zoo component    category   JBZoo    author     smet.denis <admin@joomla-book.ru>    copyright  Copyright (c) 2009-2012, Joomla-book.ru    license    http://joomla-book.ru/info/disclaimer    link       http://joomla-book.ru/projects/jbzoo JBZoo project page--><element>    <params group="render">        <param name="jbzoo_filter_render"               type="list"               label="JBZOO_ELEMENT_TEMPLATE"               description="JBZOO_ELEMENT_TEMPLATE_DESC"               default="_auto_"                >            <option value="_auto_">JBZOO_ELEMENT_TEMPLATE_AUTO</option>            <option value="category">JBZOO_ELEMENT_TEMPLATE_CATEGORIES</option>            <option value="category-chosen">JBZOO_ELEMENT_TEMPLATE_CATEGORIES_CHOSEN</option>            <option value="hidden">JBZOO_ELEMENT_TEMPLATE_HIDDEN</option>        </param>        <param name="jbzoo_filter_default"               type="text"               default=""               label="JBZOO_FILTER_DEFAULT"               description="JBZOO_FILTER_DEFAULT_DESC"                />        <param name="jbzoo_application_id"               type="jbapplications"               label="JBZOO_APPLICATIONS"               description="JBZOO_APPLICATIONS_DESC"               default="0"                />        <param name="jbzoo_category_mode"               type="list"               default="tree"               label="JBZOO_FILTER_CATEGORY_MODE"               description="JBZOO_FILTER_CATEGORY_MODE_DESC">            <option value="none">JBZOO_FILTER_NONE</option>            <option value="tree">JBZOO_FILTER_TREE</option>            <option value="parent">JBZOO_FILTER_ONLY_PARENT</option>            <option value="child">JBZOO_FILTER_ONLY_CHILD</option>        </param>        <param name="jbzoo_filter_multiple"               type="jbbool"               default="0"               label="JBZOO_FILTER_MULTIPLE"               description="JBZOO_FILTER_MULTIPLE_DESC"/>        <param name="jbzoo_filter_count"               type="jbbool"               default="1"               label="JBZOO_FILTER_COUNT"               description="JBZOO_FILTER_COUNT_DESC"/>    </params></element>