<?xml version="1.0" encoding="utf-8"?><!--    JBZoo is universal CCK based Joomla! CMS and YooTheme Zoo component    category   JBZoo    author     smet.denis <admin@joomla-book.ru>    copyright  Copyright (c) 2009-2012, Joomla-book.ru    license    http://joomla-book.ru/info/disclaimer    link       http://joomla-book.ru/projects/jbzoo JBZoo project page--><element>    <params group="render">        <param name="jbzoo_filter_render"               type="list"               label="JBZOO_ELEMENT_TEMPLATE"               description="JBZOO_ELEMENT_TEMPLATE_DESC"               default="_auto_"                >            <option value="_auto_">JBZOO_ELEMENT_TEMPLATE_AUTO</option>            <option value="text">JBZOO_ELEMENT_TEMPLATE_TEXT</option>            <option value="name-checkbox">JBZOO_ELEMENT_TEMPLATE_CHECKBOX</option>            <option value="name-radio">JBZOO_ELEMENT_TEMPLATE_RADIO</option>            <option value="name-select">JBZOO_ELEMENT_TEMPLATE_SELECT</option>            <option value="name-select-chosen">JBZOO_ELEMENT_TEMPLATE_SELECT_CHOSEN</option>            <option value="hidden">JBZOO_ELEMENT_TEMPLATE_HIDDEN</option>        </param>        <param name="jbzoo_filter_default"               type="text"               default=""               label="JBZOO_FILTER_DEFAULT"               description="JBZOO_FILTER_DEFAULT_DESC"                />        <param name="jbzoo_application_id"               type="jbapplications"               label="JBZOO_APPLICATIONS"               description="JBZOO_APPLICATIONS_DESC"               default="0"                />        <param name="jbzoo_filter_multiple"               type="jbbool"               default="0"               label="JBZOO_FILTER_MULTIPLE"               description="JBZOO_FILTER_MULTIPLE_DESC"/>        <param name="jbzoo_filter_count"               type="jbbool"               default="1"               label="JBZOO_FILTER_COUNT"               description="JBZOO_FILTER_COUNT_DESC"/>        <param name="jbzoo_filter_placeholder"               type="text"               default=""               label="JBZOO_FILTER_PLACEHOLDER"               description="JBZOO_FILTER_PLACEHOLDER_DESC"                />        <!-- jquery.ui autocomplete -->        <param name="@spacer"               type="spacer"               default="JBZOO_AUTOCOMPLETE_TEXT_ONLY"/>        <param name="jbzoo_filter_autocomplete"               type="jbbool"               default="1"               label="JBZOO_FILTER_AUTOCOMPLETE"               description="JBZOO_FILTER_AUTOCOMPLETE_DESC"/>    </params></element>