<?xml version="1.0" encoding="utf-8"?>
<!--
    JBZoo is universal CCK based Joomla! CMS and YooTheme Zoo component
    category   JBZoo
    author     smet.denis <admin@joomla-book.ru>
    copyright  Copyright (c) 2009-2012, Joomla-book.ru
    license    http://joomla-book.ru/info/disclaimer
    link       http://joomla-book.ru/projects/jbzoo JBZoo project page
-->
<element type="jbselectcascade" group="JBZoo" orderable="true">
    <name>JBZoo Cascading Select</name>
    <author>Joomla-book.ru</author>
    <creationDate>2012 06</creationDate>
    <copyright>Copyright (C) Joomla-book.ru</copyright>
    <authorEmail>admin@joomla-book.ru</authorEmail>
    <authorUrl>http://joomla-book.ru</authorUrl>
    <version>1.0</version>
    <description>Cascading select by Joomla-book.ru</description>
    <params>
        <param name="default" type="text" default="" label="Default" description=""/>
        <param name="repeatable" type="radio" default="0" label="Repeatable" description="Add multiple text areas.">
            <option value="0">JNO</option>
            <option value="1">JYES</option>
        </param>
        <param name="select_names" type="jbtextarea" rows="3" cols="30" default="" label="JBZOO_SELECT_NAMES"
               description="JBZOO_SELECT_NAMES_DESC"/>
        <param name="items" type="jbtextarea" rows="20" cols="30" default="" label="JBZOO_ITEMS"
               description="JBZOO_ITEMS_DESC"/>
    </params>
    <params group="render">
        <param name="separated_by" type="zoolist" default="Space" label="Separated by"
               description="CHOOSE_SEPARATOR_REPEATED_ELEMENTS">
            <option name="Space"><![CDATA[separator=[ ]]]></option>
            <option name="Comma"><![CDATA[separator=[, ]]]></option>
            <option name="Hyphen"><![CDATA[separator=[ - ]]]></option>
            <option name="Pipe"><![CDATA[separator=[ | ]]]></option>
            <option name="Break"><![CDATA[separator=[<br />]]]></option>
            <option name="Span"><![CDATA[tag=[<span>%s</span>]]]></option>
            <option name="Paragraph"><![CDATA[tag=[<p>%s</p>]]]></option>
            <option name="Div"><![CDATA[tag=[<div>%s</div>]]]></option>
            <option name="List Item"><![CDATA[tag=[<li>%s</li>]]]></option>
            <option name="Unordered List"><![CDATA[tag=[<li>%s</li>] enclosing_tag=[<ul>%s</ul>]]]></option>
            <option name="Ordered List"><![CDATA[tag=[<li>%s</li>] enclosing_tag=[<ol>%s</ol>]]]></option>
            <option name="Warp Item"><![CDATA[tag=[<article class="item">%s</article>]]]></option>
        </param>
        <param name="separated_values_by" type="zoolist" default="Space" label="JBZOO_SELECT_SEPORATE_BY"
               description="JBZOO_SELECT_SEPORATE_BY_DESC">
            <option name="Space"><![CDATA[separator=[ ]]]></option>
            <option name="Comma"><![CDATA[separator=[, ]]]></option>
            <option name="Hyphen"><![CDATA[separator=[ - ]]]></option>
            <option name="Pipe"><![CDATA[separator=[ | ]]]></option>
            <option name="Break"><![CDATA[separator=[<br />]]]></option>
            <option name="Span"><![CDATA[tag=[<span>%s</span>]]]></option>
            <option name="Paragraph"><![CDATA[tag=[<p>%s</p>]]]></option>
            <option name="Div"><![CDATA[tag=[<div>%s</div>]]]></option>
            <option name="List Item"><![CDATA[tag=[<li>%s</li>]]]></option>
            <option name="Unordered List"><![CDATA[tag=[<li>%s</li>] enclosing_tag=[<ul>%s</ul>]]]></option>
            <option name="Ordered List"><![CDATA[tag=[<li>%s</li>] enclosing_tag=[<ol>%s</ol>]]]></option>
            <option name="Warp Item"><![CDATA[tag=[<article class="item">%s</article>]]]></option>
        </param>
        <param name="display" type="list" default="all" label="Display"
               description="CHOOSE_RENDERING_MODE_ELEMENT_POSITION">
            <option value="all">all</option>
            <option value="first">first</option>
            <option value="all_without_first">all without first</option>
        </param>
        <param name="template" type="jbselect" default="default" label="JBZOO_SELECT_TEMPLATE" description="JBZOO_SELECT_TEMPLATE_DESC">
            <option value="default">JBZOO_SELECT_DEFAULT</option>
            <option value="last">JBZOO_SELECT_LAST</option>
        </param>
    </params>
</element>