<?xml version="1.0" encoding="utf-8"?>
<!--
    JBZoo is universal CCK based Joomla! CMS and YooTheme Zoo component
    category   JBZoo
    author     smet.denis <admin@joomla-book.ru>
    copyright  Copyright (c) 2009-2012, Joomla-book.ru
    license    http://joomla-book.ru/info/disclaimer
    link       http://joomla-book.ru/projects/jbzoo JBZoo project page
-->
<element type="jbgallery" group="JBZoo">
    <name>JBZoo Gallery</name>
    <author>Joomla-book.ru</author>
    <creationDate>2012</creationDate>
    <copyright>Copyright (C) Joomla-book.ru</copyright>
    <authorEmail>admin@joomla-book.ru</authorEmail>
    <authorUrl>http://joomla-book.ru</authorUrl>
    <version>1.0</version>
    <description>JBZoo Gallery</description>

    <params>
        <param name="name" type="text" default="" label="Name" description="Name used in item editor"/>
        <param name="description" type="text" default="" label="Description"
               description="DESCRIPTION_TOOLTIP_ITEM_EDITOR"/>
        <param name="directory" type="text" default="images" label="Source Directory"
               description="The gallery source directory inside the Joomla root directory"/>
    </params>

    <params group="render">
        <param name="showlabel" type="radio" default="0" label="Show Label" description="Show/Hide element label">
            <option value="0">No</option>
            <option value="1">Yes</option>
        </param>
        <param name="altlabel" type="text" default="" label="Alternative Label" description="CUSTOM_LABEL"/>
        <param name="order" type="list" default="asc" label="Thumbnail Ordering" description="The thumbnail ordering">
            <option value="asc">Ascending</option>
            <option value="desc">Descending</option>
            <option value="random">Random</option>
        </param>
        <param name="width" type="text" default="0" label="JBZOO_RESIZE_WIDTH" description="JBZOO_RESIZE_WIDTH_DESC"/>
        <param name="height" type="text" default="100" label="JBZOO_RESIZE_HEIGHT" description="JBZOO_RESIZE_HEIGHT_DESC"/>
        <param name="count" type="text" default="0" label="Thumbnail Count" description="LIMIT_THUMBNAILS_TO_SHOW"/>
    </params>

</element>