<?xml version="1.0" encoding="utf-8"?>
<!--
    JBZoo is universal CCK based Joomla! CMS and YooTheme Zoo component
    category   JBZoo
    author     smet.denis <admin@joomla-book.ru>
    copyright  Copyright (c) 2009-2012, Joomla-book.ru
    license    http://joomla-book.ru/info/disclaimer
    link       http://joomla-book.ru/projects/jbzoo JBZoo project page
-->
<element type="text" group="JBZoo" orderable="true">
    <name>JBZoo Comments render</name>
    <author>Joomla-book.ru</author>
    <creationDate>2012</creationDate>
    <copyright>Copyright (C) Joomla-book.ru</copyright>
    <authorEmail>admin@joomla-book.ru</authorEmail>
    <authorUrl>http://joomla-book.ru</authorUrl>
    <version>1.0</version>
    <description>Render Zoo Commesnts</description>

</element>